epoch_index,predicted_label,confidence_score
1948,1,0.7943072
2123,1,0.73671097
2232,1,0.7069641
2750,1,0.7795657
4553,1,0.7412506
5117,3,0.7751266
