epoch_index,predicted_label,confidence_score
2377,2,0.79553366
3336,3,0.78506804
3440,2,0.6733117
