epoch_index,predicted_label,confidence_score
1277,1,0.7589893
2515,3,0.78727746
5057,3,0.7678718
5058,1,0.7761493
5689,3,0.7974167
