epoch_index,predicted_label,confidence_score
338,3,0.73162884
339,2,0.6434584
340,3,0.66351444
898,2,0.79228526
3398,3,0.79602176
3458,2,0.7557524
4502,2,0.7607067
