epoch_index,predicted_label,confidence_score
104,3,0.78067714
853,1,0.735125
854,3,0.796406
3632,3,0.7959485
3971,1,0.7768665
4426,3,0.75292224
4474,2,0.76710576
