epoch_index,predicted_label,confidence_score
1081,2,0.7976342
4656,2,0.7721055
4657,2,0.77642757
5027,1,0.79956496
