epoch_index,predicted_label,confidence_score
551,1,0.79406446
2033,2,0.78948915
3047,3,0.76347363
3848,1,0.78033227
3960,3,0.75375384
4577,2,0.747898
4783,1,0.77478015
