epoch_index,predicted_label,confidence_score
3959,1,0.7172357
4009,1,0.79349357
4010,1,0.7411129
4816,2,0.7689067
4819,3,0.67987347
5005,3,0.7518893
5007,2,0.77446395
