epoch_index,predicted_label,confidence_score
552,3,0.75141454
4388,3,0.7636544
4389,3,0.6996106
4390,2,0.6621256
5437,3,0.7573897
5544,3,0.75953627
5545,3,0.75785834
