epoch_index,predicted_label,confidence_score
1282,2,0.7690596
3983,3,0.76539433
4036,3,0.7959163
4277,3,0.7945949
5715,1,0.72751975
5716,1,0.76384544
