epoch_index,predicted_label,confidence_score
47,3,0.74936825
285,1,0.77450746
286,1,0.7289797
829,1,0.79576516
831,3,0.799939
2922,3,0.76480234
4267,1,0.79328257
