epoch_index,predicted_label,confidence_score
5022,3,0.7526487
5067,1,0.7975015
5068,3,0.7994856
5131,3,0.7502906
5132,3,0.69910336
5133,1,0.6039168
