epoch_index,predicted_label,confidence_score
977,3,0.75999576
3939,3,0.6412892
5714,1,0.7641469
5715,1,0.6852187
5716,3,0.7811124
