epoch_index,predicted_label,confidence_score
682,3,0.72736543
3015,2,0.73125046
3205,2,0.77510715
3982,3,0.7009452
4222,2,0.76806146
4288,2,0.7596937
5321,2,0.7629814
