epoch_index,predicted_label,confidence_score
401,3,0.6692878
2553,1,0.76043004
2554,1,0.7939482
2932,3,0.7058293
2933,1,0.61416715
4046,2,0.78320926
