epoch_index,predicted_label,confidence_score
2949,1,0.79848844
4013,2,0.7016496
4014,1,0.70461196
4015,2,0.65839344
4016,3,0.76941705
4017,3,0.7981815
5623,3,0.6024926
