epoch_index,predicted_label,confidence_score
697,3,0.7091264
708,3,0.7886134
3135,3,0.755281
3137,2,0.79230016
4742,2,0.7880206
5698,1,0.7017356
