epoch_index,predicted_label,confidence_score
266,2,0.7998758
1078,1,0.78197455
1079,2,0.6716577
1080,2,0.6968531
1681,1,0.79932916
