epoch_index,predicted_label,confidence_score
554,1,0.75403243
5319,1,0.68118423
5321,2,0.75452065
