epoch_index,predicted_label,confidence_score
623,1,0.64235306
1071,3,0.720196
1578,1,0.7536268
5297,3,0.78659695
5472,3,0.7811789
5473,1,0.7765071
5474,1,0.7213104
