epoch_index,predicted_label,confidence_score
430,1,0.63001233
1632,1,0.7958882
2747,2,0.7977159
2748,2,0.59992343
4210,3,0.75991094
